{
  "AWSTemplateFormatVersion": "2010-09-09",
  "Description": "The AWS CloudFormation template for this Serverless application",
  "Resources": {
    "ServerlessDeploymentBucket": {
      "Type": "AWS::S3::Bucket",
      "Properties": {
        "BucketEncryption": {
          "ServerSideEncryptionConfiguration": [
            {
              "ServerSideEncryptionByDefault": {
                "SSEAlgorithm": "AES256"
              }
            }
          ]
        }
      }
    },
    "ServerlessDeploymentBucketPolicy": {
      "Type": "AWS::S3::BucketPolicy",
      "Properties": {
        "Bucket": {
          "Ref": "ServerlessDeploymentBucket"
        },
        "PolicyDocument": {
          "Statement": [
            {
              "Action": "s3:*",
              "Effect": "Deny",
              "Principal": "*",
              "Resource": [
                {
                  "Fn::Join": [
                    "",
                    [
                      "arn:",
                      {
                        "Ref": "AWS::Partition"
                      },
                      ":s3:::",
                      {
                        "Ref": "ServerlessDeploymentBucket"
                      },
                      "/*"
                    ]
                  ]
                },
                {
                  "Fn::Join": [
                    "",
                    [
                      "arn:",
                      {
                        "Ref": "AWS::Partition"
                      },
                      ":s3:::",
                      {
                        "Ref": "ServerlessDeploymentBucket"
                      }
                    ]
                  ]
                }
              ],
              "Condition": {
                "Bool": {
                  "aws:SecureTransport": false
                }
              }
            }
          ]
        }
      }
    },
    "AuthLogGroup": {
      "Type": "AWS::Logs::LogGroup",
      "Properties": {
        "LogGroupName": "/aws/lambda/serverless-todo-app-dev-Auth"
      }
    },
    "GetTodosLogGroup": {
      "Type": "AWS::Logs::LogGroup",
      "Properties": {
        "LogGroupName": "/aws/lambda/serverless-todo-app-dev-GetTodos"
      }
    },
    "CreateTodoLogGroup": {
      "Type": "AWS::Logs::LogGroup",
      "Properties": {
        "LogGroupName": "/aws/lambda/serverless-todo-app-dev-CreateTodo"
      }
    },
    "UpdateTodoLogGroup": {
      "Type": "AWS::Logs::LogGroup",
      "Properties": {
        "LogGroupName": "/aws/lambda/serverless-todo-app-dev-UpdateTodo"
      }
    },
    "DeleteTodoLogGroup": {
      "Type": "AWS::Logs::LogGroup",
      "Properties": {
        "LogGroupName": "/aws/lambda/serverless-todo-app-dev-DeleteTodo"
      }
    },
    "GenerateUploadUrlLogGroup": {
      "Type": "AWS::Logs::LogGroup",
      "Properties": {
        "LogGroupName": "/aws/lambda/serverless-todo-app-dev-GenerateUploadUrl"
      }
    },
    "IamRoleLambdaExecution": {
      "Type": "AWS::IAM::Role",
      "Properties": {
        "AssumeRolePolicyDocument": {
          "Version": "2012-10-17",
          "Statement": [
            {
              "Effect": "Allow",
              "Principal": {
                "Service": [
                  "lambda.amazonaws.com"
                ]
              },
              "Action": [
                "sts:AssumeRole"
              ]
            }
          ]
        },
        "Policies": [
          {
            "PolicyName": {
              "Fn::Join": [
                "-",
                [
                  "serverless-todo-app",
                  "dev",
                  "lambda"
                ]
              ]
            },
            "PolicyDocument": {
              "Version": "2012-10-17",
              "Statement": [
                {
                  "Effect": "Allow",
                  "Action": [
                    "logs:CreateLogStream",
                    "logs:CreateLogGroup"
                  ],
                  "Resource": [
                    {
                      "Fn::Sub": "arn:${AWS::Partition}:logs:${AWS::Region}:${AWS::AccountId}:log-group:/aws/lambda/serverless-todo-app-dev*:*"
                    }
                  ]
                },
                {
                  "Effect": "Allow",
                  "Action": [
                    "logs:PutLogEvents"
                  ],
                  "Resource": [
                    {
                      "Fn::Sub": "arn:${AWS::Partition}:logs:${AWS::Region}:${AWS::AccountId}:log-group:/aws/lambda/serverless-todo-app-dev*:*:*"
                    }
                  ]
                },
                {
                  "Effect": "Allow",
                  "Action": [
                    "xray:PutTraceSegments",
                    "xray:PutTelemetryRecords"
                  ],
                  "Resource": [
                    "*"
                  ]
                }
              ]
            }
          }
        ],
        "Path": "/",
        "RoleName": {
          "Fn::Join": [
            "-",
            [
              "serverless-todo-app",
              "dev",
              {
                "Ref": "AWS::Region"
              },
              "lambdaRole"
            ]
          ]
        }
      }
    },
    "EnterpriseLogAccessIamRole": {
      "Type": "AWS::IAM::Role",
      "Properties": {
        "AssumeRolePolicyDocument": {
          "Version": "2012-10-17",
          "Statement": [
            {
              "Effect": "Allow",
              "Principal": {
                "AWS": "arn:aws:iam::802587217904:root"
              },
              "Action": "sts:AssumeRole",
              "Condition": {
                "StringEquals": {
                  "sts:ExternalId": "ServerlessEnterprise-1c8d1517-fae5-4ae2-ab64-9f1fdd4d6b05"
                }
              }
            }
          ]
        },
        "Policies": [
          {
            "PolicyName": "LogFilterAccess",
            "PolicyDocument": {
              "Version": "2012-10-17",
              "Statement": [
                {
                  "Effect": "Allow",
                  "Action": [
                    "logs:FilterLogEvents"
                  ],
                  "Resource": [
                    {
                      "Fn::GetAtt": [
                        "AuthLogGroup",
                        "Arn"
                      ]
                    },
                    {
                      "Fn::GetAtt": [
                        "GetTodosLogGroup",
                        "Arn"
                      ]
                    },
                    {
                      "Fn::GetAtt": [
                        "CreateTodoLogGroup",
                        "Arn"
                      ]
                    },
                    {
                      "Fn::GetAtt": [
                        "UpdateTodoLogGroup",
                        "Arn"
                      ]
                    },
                    {
                      "Fn::GetAtt": [
                        "DeleteTodoLogGroup",
                        "Arn"
                      ]
                    },
                    {
                      "Fn::GetAtt": [
                        "GenerateUploadUrlLogGroup",
                        "Arn"
                      ]
                    }
                  ]
                }
              ]
            }
          }
        ]
      }
    },
    "AuthLambdaFunction": {
      "Type": "AWS::Lambda::Function",
      "Properties": {
        "Code": {
          "S3Bucket": {
            "Ref": "ServerlessDeploymentBucket"
          },
          "S3Key": "serverless/serverless-todo-app/dev/1658761286554-2022-07-25T15:01:26.554Z/serverless-todo-app.zip"
        },
        "Handler": "s_Auth.handler",
        "Runtime": "nodejs12.x",
        "FunctionName": "serverless-todo-app-dev-Auth",
        "MemorySize": 1024,
        "Timeout": 6,
        "TracingConfig": {
          "Mode": "Active"
        },
        "Environment": {
          "Variables": {
            "PROJECT_NAME": "rid1todo",
            "TODOS_TABLE": "rid1todo-dev",
            "S3_BUCKET_NAME": "rid1todo-dev",
            "SLS_DEPRECATION_DISABLE": "*"
          }
        },
        "Role": {
          "Fn::GetAtt": [
            "IamRoleLambdaExecution",
            "Arn"
          ]
        }
      },
      "DependsOn": [
        "AuthLogGroup"
      ]
    },
    "GetTodosLambdaFunction": {
      "Type": "AWS::Lambda::Function",
      "Properties": {
        "Code": {
          "S3Bucket": {
            "Ref": "ServerlessDeploymentBucket"
          },
          "S3Key": "serverless/serverless-todo-app/dev/1658761286554-2022-07-25T15:01:26.554Z/serverless-todo-app.zip"
        },
        "Handler": "s_GetTodos.handler",
        "Runtime": "nodejs12.x",
        "FunctionName": "serverless-todo-app-dev-GetTodos",
        "MemorySize": 1024,
        "Timeout": 6,
        "TracingConfig": {
          "Mode": "Active"
        },
        "Environment": {
          "Variables": {
            "PROJECT_NAME": "rid1todo",
            "TODOS_TABLE": "rid1todo-dev",
            "S3_BUCKET_NAME": "rid1todo-dev",
            "SLS_DEPRECATION_DISABLE": "*"
          }
        },
        "Role": {
          "Fn::GetAtt": [
            "GetTodosIamRoleLambdaExecution",
            "Arn"
          ]
        }
      },
      "DependsOn": [
        "GetTodosIamRoleLambdaExecution",
        "GetTodosLogGroup"
      ]
    },
    "CreateTodoLambdaFunction": {
      "Type": "AWS::Lambda::Function",
      "Properties": {
        "Code": {
          "S3Bucket": {
            "Ref": "ServerlessDeploymentBucket"
          },
          "S3Key": "serverless/serverless-todo-app/dev/1658761286554-2022-07-25T15:01:26.554Z/serverless-todo-app.zip"
        },
        "Handler": "s_CreateTodo.handler",
        "Runtime": "nodejs12.x",
        "FunctionName": "serverless-todo-app-dev-CreateTodo",
        "MemorySize": 1024,
        "Timeout": 6,
        "TracingConfig": {
          "Mode": "Active"
        },
        "Environment": {
          "Variables": {
            "PROJECT_NAME": "rid1todo",
            "TODOS_TABLE": "rid1todo-dev",
            "S3_BUCKET_NAME": "rid1todo-dev",
            "SLS_DEPRECATION_DISABLE": "*"
          }
        },
        "Role": {
          "Fn::GetAtt": [
            "CreateTodoIamRoleLambdaExecution",
            "Arn"
          ]
        }
      },
      "DependsOn": [
        "CreateTodoIamRoleLambdaExecution",
        "CreateTodoLogGroup"
      ]
    },
    "UpdateTodoLambdaFunction": {
      "Type": "AWS::Lambda::Function",
      "Properties": {
        "Code": {
          "S3Bucket": {
            "Ref": "ServerlessDeploymentBucket"
          },
          "S3Key": "serverless/serverless-todo-app/dev/1658761286554-2022-07-25T15:01:26.554Z/serverless-todo-app.zip"
        },
        "Handler": "s_UpdateTodo.handler",
        "Runtime": "nodejs12.x",
        "FunctionName": "serverless-todo-app-dev-UpdateTodo",
        "MemorySize": 1024,
        "Timeout": 6,
        "TracingConfig": {
          "Mode": "Active"
        },
        "Environment": {
          "Variables": {
            "PROJECT_NAME": "rid1todo",
            "TODOS_TABLE": "rid1todo-dev",
            "S3_BUCKET_NAME": "rid1todo-dev",
            "SLS_DEPRECATION_DISABLE": "*"
          }
        },
        "Role": {
          "Fn::GetAtt": [
            "UpdateTodoIamRoleLambdaExecution",
            "Arn"
          ]
        }
      },
      "DependsOn": [
        "UpdateTodoIamRoleLambdaExecution",
        "UpdateTodoLogGroup"
      ]
    },
    "DeleteTodoLambdaFunction": {
      "Type": "AWS::Lambda::Function",
      "Properties": {
        "Code": {
          "S3Bucket": {
            "Ref": "ServerlessDeploymentBucket"
          },
          "S3Key": "serverless/serverless-todo-app/dev/1658761286554-2022-07-25T15:01:26.554Z/serverless-todo-app.zip"
        },
        "Handler": "s_DeleteTodo.handler",
        "Runtime": "nodejs12.x",
        "FunctionName": "serverless-todo-app-dev-DeleteTodo",
        "MemorySize": 1024,
        "Timeout": 6,
        "TracingConfig": {
          "Mode": "Active"
        },
        "Environment": {
          "Variables": {
            "PROJECT_NAME": "rid1todo",
            "TODOS_TABLE": "rid1todo-dev",
            "S3_BUCKET_NAME": "rid1todo-dev",
            "SLS_DEPRECATION_DISABLE": "*"
          }
        },
        "Role": {
          "Fn::GetAtt": [
            "DeleteTodoIamRoleLambdaExecution",
            "Arn"
          ]
        }
      },
      "DependsOn": [
        "DeleteTodoIamRoleLambdaExecution",
        "DeleteTodoLogGroup"
      ]
    },
    "GenerateUploadUrlLambdaFunction": {
      "Type": "AWS::Lambda::Function",
      "Properties": {
        "Code": {
          "S3Bucket": {
            "Ref": "ServerlessDeploymentBucket"
          },
          "S3Key": "serverless/serverless-todo-app/dev/1658761286554-2022-07-25T15:01:26.554Z/serverless-todo-app.zip"
        },
        "Handler": "s_GenerateUploadUrl.handler",
        "Runtime": "nodejs12.x",
        "FunctionName": "serverless-todo-app-dev-GenerateUploadUrl",
        "MemorySize": 1024,
        "Timeout": 6,
        "TracingConfig": {
          "Mode": "Active"
        },
        "Environment": {
          "Variables": {
            "PROJECT_NAME": "rid1todo",
            "TODOS_TABLE": "rid1todo-dev",
            "S3_BUCKET_NAME": "rid1todo-dev",
            "SLS_DEPRECATION_DISABLE": "*"
          }
        },
        "Role": {
          "Fn::GetAtt": [
            "GenerateUploadUrlIamRoleLambdaExecution",
            "Arn"
          ]
        }
      },
      "DependsOn": [
        "GenerateUploadUrlIamRoleLambdaExecution",
        "GenerateUploadUrlLogGroup"
      ]
    },
    "AuthLambdaVersionpryQrULhCICNBmRVERcv6aIkFqRdO14tFm89CdGYSw": {
      "Type": "AWS::Lambda::Version",
      "DeletionPolicy": "Retain",
      "Properties": {
        "FunctionName": {
          "Ref": "AuthLambdaFunction"
        },
        "CodeSha256": "oG7Hxupo69cFM1DcH+O2RPd4WR5Po6lYUJ7pv5Bp61c="
      }
    },
    "GetTodosLambdaVersionYY2kpsCUJgxwKRbwgFG8l12eWTocgf4ueC1j7pmSnCE": {
      "Type": "AWS::Lambda::Version",
      "DeletionPolicy": "Retain",
      "Properties": {
        "FunctionName": {
          "Ref": "GetTodosLambdaFunction"
        },
        "CodeSha256": "oG7Hxupo69cFM1DcH+O2RPd4WR5Po6lYUJ7pv5Bp61c="
      }
    },
    "CreateTodoLambdaVersionZ8zeDqnj1bOkVjRURogWKt2cMGtoaUgt8XbELkFwRU": {
      "Type": "AWS::Lambda::Version",
      "DeletionPolicy": "Retain",
      "Properties": {
        "FunctionName": {
          "Ref": "CreateTodoLambdaFunction"
        },
        "CodeSha256": "oG7Hxupo69cFM1DcH+O2RPd4WR5Po6lYUJ7pv5Bp61c="
      }
    },
    "UpdateTodoLambdaVersionZbnq82R3bBT4DtN0NVRXvReove1u6PgB1VSqg9w": {
      "Type": "AWS::Lambda::Version",
      "DeletionPolicy": "Retain",
      "Properties": {
        "FunctionName": {
          "Ref": "UpdateTodoLambdaFunction"
        },
        "CodeSha256": "oG7Hxupo69cFM1DcH+O2RPd4WR5Po6lYUJ7pv5Bp61c="
      }
    },
    "DeleteTodoLambdaVersionfaStsyF9vcg65dXP45ac15Bd1xfj2BUog0822Yui6U": {
      "Type": "AWS::Lambda::Version",
      "DeletionPolicy": "Retain",
      "Properties": {
        "FunctionName": {
          "Ref": "DeleteTodoLambdaFunction"
        },
        "CodeSha256": "oG7Hxupo69cFM1DcH+O2RPd4WR5Po6lYUJ7pv5Bp61c="
      }
    },
    "GenerateUploadUrlLambdaVersionmTEU4Xeo79Wesl3H1npu0UArfX9ZdtJJ34eGzuCA": {
      "Type": "AWS::Lambda::Version",
      "DeletionPolicy": "Retain",
      "Properties": {
        "FunctionName": {
          "Ref": "GenerateUploadUrlLambdaFunction"
        },
        "CodeSha256": "oG7Hxupo69cFM1DcH+O2RPd4WR5Po6lYUJ7pv5Bp61c="
      }
    },
    "ApiGatewayRestApi": {
      "Type": "AWS::ApiGateway::RestApi",
      "Properties": {
        "Name": "dev-serverless-todo-app",
        "EndpointConfiguration": {
          "Types": [
            "EDGE"
          ]
        },
        "Policy": ""
      }
    },
    "ApiGatewayResourceTodos": {
      "Type": "AWS::ApiGateway::Resource",
      "Properties": {
        "ParentId": {
          "Fn::GetAtt": [
            "ApiGatewayRestApi",
            "RootResourceId"
          ]
        },
        "PathPart": "todos",
        "RestApiId": {
          "Ref": "ApiGatewayRestApi"
        }
      }
    },
    "ApiGatewayResourceTodosTodoidVar": {
      "Type": "AWS::ApiGateway::Resource",
      "Properties": {
        "ParentId": {
          "Ref": "ApiGatewayResourceTodos"
        },
        "PathPart": "{todoId}",
        "RestApiId": {
          "Ref": "ApiGatewayRestApi"
        }
      }
    },
    "ApiGatewayResourceTodosTodoidVarAttachment": {
      "Type": "AWS::ApiGateway::Resource",
      "Properties": {
        "ParentId": {
          "Ref": "ApiGatewayResourceTodosTodoidVar"
        },
        "PathPart": "attachment",
        "RestApiId": {
          "Ref": "ApiGatewayRestApi"
        }
      }
    },
    "ApiGatewayMethodTodosOptions": {
      "Type": "AWS::ApiGateway::Method",
      "Properties": {
        "AuthorizationType": "NONE",
        "HttpMethod": "OPTIONS",
        "MethodResponses": [
          {
            "StatusCode": "200",
            "ResponseParameters": {
              "method.response.header.Access-Control-Allow-Origin": true,
              "method.response.header.Access-Control-Allow-Headers": true,
              "method.response.header.Access-Control-Allow-Methods": true
            },
            "ResponseModels": {}
          }
        ],
        "RequestParameters": {},
        "Integration": {
          "Type": "MOCK",
          "RequestTemplates": {
            "application/json": "{statusCode:200}"
          },
          "ContentHandling": "CONVERT_TO_TEXT",
          "IntegrationResponses": [
            {
              "StatusCode": "200",
              "ResponseParameters": {
                "method.response.header.Access-Control-Allow-Origin": "'*'",
                "method.response.header.Access-Control-Allow-Headers": "'Content-Type,X-Amz-Date,Authorization,X-Api-Key,X-Amz-Security-Token,X-Amz-User-Agent,X-Amzn-Trace-Id'",
                "method.response.header.Access-Control-Allow-Methods": "'OPTIONS,POST,GET'"
              },
              "ResponseTemplates": {
                "application/json": ""
              }
            }
          ]
        },
        "ResourceId": {
          "Ref": "ApiGatewayResourceTodos"
        },
        "RestApiId": {
          "Ref": "ApiGatewayRestApi"
        }
      }
    },
    "ApiGatewayMethodTodosTodoidVarOptions": {
      "Type": "AWS::ApiGateway::Method",
      "Properties": {
        "AuthorizationType": "NONE",
        "HttpMethod": "OPTIONS",
        "MethodResponses": [
          {
            "StatusCode": "200",
            "ResponseParameters": {
              "method.response.header.Access-Control-Allow-Origin": true,
              "method.response.header.Access-Control-Allow-Headers": true,
              "method.response.header.Access-Control-Allow-Methods": true
            },
            "ResponseModels": {}
          }
        ],
        "RequestParameters": {},
        "Integration": {
          "Type": "MOCK",
          "RequestTemplates": {
            "application/json": "{statusCode:200}"
          },
          "ContentHandling": "CONVERT_TO_TEXT",
          "IntegrationResponses": [
            {
              "StatusCode": "200",
              "ResponseParameters": {
                "method.response.header.Access-Control-Allow-Origin": "'*'",
                "method.response.header.Access-Control-Allow-Headers": "'Content-Type,X-Amz-Date,Authorization,X-Api-Key,X-Amz-Security-Token,X-Amz-User-Agent,X-Amzn-Trace-Id'",
                "method.response.header.Access-Control-Allow-Methods": "'OPTIONS,DELETE,PATCH'"
              },
              "ResponseTemplates": {
                "application/json": ""
              }
            }
          ]
        },
        "ResourceId": {
          "Ref": "ApiGatewayResourceTodosTodoidVar"
        },
        "RestApiId": {
          "Ref": "ApiGatewayRestApi"
        }
      }
    },
    "ApiGatewayMethodTodosTodoidVarAttachmentOptions": {
      "Type": "AWS::ApiGateway::Method",
      "Properties": {
        "AuthorizationType": "NONE",
        "HttpMethod": "OPTIONS",
        "MethodResponses": [
          {
            "StatusCode": "200",
            "ResponseParameters": {
              "method.response.header.Access-Control-Allow-Origin": true,
              "method.response.header.Access-Control-Allow-Headers": true,
              "method.response.header.Access-Control-Allow-Methods": true
            },
            "ResponseModels": {}
          }
        ],
        "RequestParameters": {},
        "Integration": {
          "Type": "MOCK",
          "RequestTemplates": {
            "application/json": "{statusCode:200}"
          },
          "ContentHandling": "CONVERT_TO_TEXT",
          "IntegrationResponses": [
            {
              "StatusCode": "200",
              "ResponseParameters": {
                "method.response.header.Access-Control-Allow-Origin": "'*'",
                "method.response.header.Access-Control-Allow-Headers": "'Content-Type,X-Amz-Date,Authorization,X-Api-Key,X-Amz-Security-Token,X-Amz-User-Agent,X-Amzn-Trace-Id'",
                "method.response.header.Access-Control-Allow-Methods": "'OPTIONS,POST'"
              },
              "ResponseTemplates": {
                "application/json": ""
              }
            }
          ]
        },
        "ResourceId": {
          "Ref": "ApiGatewayResourceTodosTodoidVarAttachment"
        },
        "RestApiId": {
          "Ref": "ApiGatewayRestApi"
        }
      }
    },
    "ApiGatewayMethodTodosGet": {
      "Type": "AWS::ApiGateway::Method",
      "Properties": {
        "HttpMethod": "GET",
        "RequestParameters": {},
        "ResourceId": {
          "Ref": "ApiGatewayResourceTodos"
        },
        "RestApiId": {
          "Ref": "ApiGatewayRestApi"
        },
        "ApiKeyRequired": false,
        "AuthorizationType": "CUSTOM",
        "AuthorizerId": {
          "Ref": "AuthApiGatewayAuthorizer"
        },
        "Integration": {
          "IntegrationHttpMethod": "POST",
          "Type": "AWS_PROXY",
          "Uri": {
            "Fn::Join": [
              "",
              [
                "arn:",
                {
                  "Ref": "AWS::Partition"
                },
                ":apigateway:",
                {
                  "Ref": "AWS::Region"
                },
                ":lambda:path/2015-03-31/functions/",
                {
                  "Fn::GetAtt": [
                    "GetTodosLambdaFunction",
                    "Arn"
                  ]
                },
                "/invocations"
              ]
            ]
          }
        },
        "MethodResponses": [],
        "RequestValidatorId": {
          "Ref": "RequestBodyValidator"
        }
      },
      "DependsOn": "AuthApiGatewayAuthorizer"
    },
    "ApiGatewayMethodTodosPost": {
      "Type": "AWS::ApiGateway::Method",
      "Properties": {
        "HttpMethod": "POST",
        "RequestParameters": {},
        "ResourceId": {
          "Ref": "ApiGatewayResourceTodos"
        },
        "RestApiId": {
          "Ref": "ApiGatewayRestApi"
        },
        "ApiKeyRequired": false,
        "AuthorizationType": "CUSTOM",
        "AuthorizerId": {
          "Ref": "AuthApiGatewayAuthorizer"
        },
        "Integration": {
          "IntegrationHttpMethod": "POST",
          "Type": "AWS_PROXY",
          "Uri": {
            "Fn::Join": [
              "",
              [
                "arn:",
                {
                  "Ref": "AWS::Partition"
                },
                ":apigateway:",
                {
                  "Ref": "AWS::Region"
                },
                ":lambda:path/2015-03-31/functions/",
                {
                  "Fn::GetAtt": [
                    "CreateTodoLambdaFunction",
                    "Arn"
                  ]
                },
                "/invocations"
              ]
            ]
          }
        },
        "MethodResponses": [],
        "RequestValidatorId": {
          "Ref": "RequestBodyValidator"
        },
        "RequestModels": {
          "application/json": "CreateTodoRequest"
        }
      },
      "DependsOn": [
        "CreateTodoRequestModel"
      ]
    },
    "ApiGatewayMethodTodosTodoidVarPatch": {
      "Type": "AWS::ApiGateway::Method",
      "Properties": {
        "HttpMethod": "PATCH",
        "RequestParameters": {},
        "ResourceId": {
          "Ref": "ApiGatewayResourceTodosTodoidVar"
        },
        "RestApiId": {
          "Ref": "ApiGatewayRestApi"
        },
        "ApiKeyRequired": false,
        "AuthorizationType": "CUSTOM",
        "AuthorizerId": {
          "Ref": "AuthApiGatewayAuthorizer"
        },
        "Integration": {
          "IntegrationHttpMethod": "POST",
          "Type": "AWS_PROXY",
          "Uri": {
            "Fn::Join": [
              "",
              [
                "arn:",
                {
                  "Ref": "AWS::Partition"
                },
                ":apigateway:",
                {
                  "Ref": "AWS::Region"
                },
                ":lambda:path/2015-03-31/functions/",
                {
                  "Fn::GetAtt": [
                    "UpdateTodoLambdaFunction",
                    "Arn"
                  ]
                },
                "/invocations"
              ]
            ]
          }
        },
        "MethodResponses": [],
        "RequestValidatorId": {
          "Ref": "RequestBodyValidator"
        },
        "RequestModels": {
          "application/json": "UpdateTodoRequest"
        }
      },
      "DependsOn": [
        "UpdateTodoRequestModel"
      ]
    },
    "ApiGatewayMethodTodosTodoidVarDelete": {
      "Type": "AWS::ApiGateway::Method",
      "Properties": {
        "HttpMethod": "DELETE",
        "RequestParameters": {},
        "ResourceId": {
          "Ref": "ApiGatewayResourceTodosTodoidVar"
        },
        "RestApiId": {
          "Ref": "ApiGatewayRestApi"
        },
        "ApiKeyRequired": false,
        "AuthorizationType": "CUSTOM",
        "AuthorizerId": {
          "Ref": "AuthApiGatewayAuthorizer"
        },
        "Integration": {
          "IntegrationHttpMethod": "POST",
          "Type": "AWS_PROXY",
          "Uri": {
            "Fn::Join": [
              "",
              [
                "arn:",
                {
                  "Ref": "AWS::Partition"
                },
                ":apigateway:",
                {
                  "Ref": "AWS::Region"
                },
                ":lambda:path/2015-03-31/functions/",
                {
                  "Fn::GetAtt": [
                    "DeleteTodoLambdaFunction",
                    "Arn"
                  ]
                },
                "/invocations"
              ]
            ]
          }
        },
        "MethodResponses": [],
        "RequestValidatorId": {
          "Ref": "RequestBodyValidator"
        }
      },
      "DependsOn": "AuthApiGatewayAuthorizer"
    },
    "ApiGatewayMethodTodosTodoidVarAttachmentPost": {
      "Type": "AWS::ApiGateway::Method",
      "Properties": {
        "HttpMethod": "POST",
        "RequestParameters": {},
        "ResourceId": {
          "Ref": "ApiGatewayResourceTodosTodoidVarAttachment"
        },
        "RestApiId": {
          "Ref": "ApiGatewayRestApi"
        },
        "ApiKeyRequired": false,
        "AuthorizationType": "CUSTOM",
        "AuthorizerId": {
          "Ref": "AuthApiGatewayAuthorizer"
        },
        "Integration": {
          "IntegrationHttpMethod": "POST",
          "Type": "AWS_PROXY",
          "Uri": {
            "Fn::Join": [
              "",
              [
                "arn:",
                {
                  "Ref": "AWS::Partition"
                },
                ":apigateway:",
                {
                  "Ref": "AWS::Region"
                },
                ":lambda:path/2015-03-31/functions/",
                {
                  "Fn::GetAtt": [
                    "GenerateUploadUrlLambdaFunction",
                    "Arn"
                  ]
                },
                "/invocations"
              ]
            ]
          }
        },
        "MethodResponses": [],
        "RequestValidatorId": {
          "Ref": "RequestBodyValidator"
        }
      },
      "DependsOn": "AuthApiGatewayAuthorizer"
    },
    "AuthApiGatewayAuthorizer": {
      "Type": "AWS::ApiGateway::Authorizer",
      "Properties": {
        "IdentitySource": "method.request.header.Authorization",
        "Name": "Auth",
        "RestApiId": {
          "Ref": "ApiGatewayRestApi"
        },
        "AuthorizerUri": {
          "Fn::Join": [
            "",
            [
              "arn:",
              {
                "Ref": "AWS::Partition"
              },
              ":apigateway:",
              {
                "Ref": "AWS::Region"
              },
              ":lambda:path/2015-03-31/functions/",
              {
                "Fn::GetAtt": [
                  "AuthLambdaFunction",
                  "Arn"
                ]
              },
              "/invocations"
            ]
          ]
        },
        "Type": "TOKEN"
      }
    },
    "ApiGatewayDeployment1658761249761": {
      "Type": "AWS::ApiGateway::Deployment",
      "Properties": {
        "RestApiId": {
          "Ref": "ApiGatewayRestApi"
        },
        "StageName": "dev"
      },
      "DependsOn": [
        "ApiGatewayMethodTodosOptions",
        "ApiGatewayMethodTodosTodoidVarOptions",
        "ApiGatewayMethodTodosTodoidVarAttachmentOptions",
        "ApiGatewayMethodTodosGet",
        "ApiGatewayMethodTodosPost",
        "ApiGatewayMethodTodosTodoidVarPatch",
        "ApiGatewayMethodTodosTodoidVarDelete",
        "ApiGatewayMethodTodosTodoidVarAttachmentPost"
      ]
    },
    "GetTodosLambdaPermissionApiGateway": {
      "Type": "AWS::Lambda::Permission",
      "Properties": {
        "FunctionName": {
          "Fn::GetAtt": [
            "GetTodosLambdaFunction",
            "Arn"
          ]
        },
        "Action": "lambda:InvokeFunction",
        "Principal": "apigateway.amazonaws.com",
        "SourceArn": {
          "Fn::Join": [
            "",
            [
              "arn:",
              {
                "Ref": "AWS::Partition"
              },
              ":execute-api:",
              {
                "Ref": "AWS::Region"
              },
              ":",
              {
                "Ref": "AWS::AccountId"
              },
              ":",
              {
                "Ref": "ApiGatewayRestApi"
              },
              "/*/*"
            ]
          ]
        }
      }
    },
    "AuthLambdaPermissionApiGateway": {
      "Type": "AWS::Lambda::Permission",
      "Properties": {
        "FunctionName": {
          "Fn::GetAtt": [
            "AuthLambdaFunction",
            "Arn"
          ]
        },
        "Action": "lambda:InvokeFunction",
        "Principal": "apigateway.amazonaws.com",
        "SourceArn": {
          "Fn::Join": [
            "",
            [
              "arn:",
              {
                "Ref": "AWS::Partition"
              },
              ":execute-api:",
              {
                "Ref": "AWS::Region"
              },
              ":",
              {
                "Ref": "AWS::AccountId"
              },
              ":",
              {
                "Ref": "ApiGatewayRestApi"
              },
              "/*/*"
            ]
          ]
        }
      }
    },
    "CreateTodoLambdaPermissionApiGateway": {
      "Type": "AWS::Lambda::Permission",
      "Properties": {
        "FunctionName": {
          "Fn::GetAtt": [
            "CreateTodoLambdaFunction",
            "Arn"
          ]
        },
        "Action": "lambda:InvokeFunction",
        "Principal": "apigateway.amazonaws.com",
        "SourceArn": {
          "Fn::Join": [
            "",
            [
              "arn:",
              {
                "Ref": "AWS::Partition"
              },
              ":execute-api:",
              {
                "Ref": "AWS::Region"
              },
              ":",
              {
                "Ref": "AWS::AccountId"
              },
              ":",
              {
                "Ref": "ApiGatewayRestApi"
              },
              "/*/*"
            ]
          ]
        }
      }
    },
    "UpdateTodoLambdaPermissionApiGateway": {
      "Type": "AWS::Lambda::Permission",
      "Properties": {
        "FunctionName": {
          "Fn::GetAtt": [
            "UpdateTodoLambdaFunction",
            "Arn"
          ]
        },
        "Action": "lambda:InvokeFunction",
        "Principal": "apigateway.amazonaws.com",
        "SourceArn": {
          "Fn::Join": [
            "",
            [
              "arn:",
              {
                "Ref": "AWS::Partition"
              },
              ":execute-api:",
              {
                "Ref": "AWS::Region"
              },
              ":",
              {
                "Ref": "AWS::AccountId"
              },
              ":",
              {
                "Ref": "ApiGatewayRestApi"
              },
              "/*/*"
            ]
          ]
        }
      }
    },
    "DeleteTodoLambdaPermissionApiGateway": {
      "Type": "AWS::Lambda::Permission",
      "Properties": {
        "FunctionName": {
          "Fn::GetAtt": [
            "DeleteTodoLambdaFunction",
            "Arn"
          ]
        },
        "Action": "lambda:InvokeFunction",
        "Principal": "apigateway.amazonaws.com",
        "SourceArn": {
          "Fn::Join": [
            "",
            [
              "arn:",
              {
                "Ref": "AWS::Partition"
              },
              ":execute-api:",
              {
                "Ref": "AWS::Region"
              },
              ":",
              {
                "Ref": "AWS::AccountId"
              },
              ":",
              {
                "Ref": "ApiGatewayRestApi"
              },
              "/*/*"
            ]
          ]
        }
      }
    },
    "GenerateUploadUrlLambdaPermissionApiGateway": {
      "Type": "AWS::Lambda::Permission",
      "Properties": {
        "FunctionName": {
          "Fn::GetAtt": [
            "GenerateUploadUrlLambdaFunction",
            "Arn"
          ]
        },
        "Action": "lambda:InvokeFunction",
        "Principal": "apigateway.amazonaws.com",
        "SourceArn": {
          "Fn::Join": [
            "",
            [
              "arn:",
              {
                "Ref": "AWS::Partition"
              },
              ":execute-api:",
              {
                "Ref": "AWS::Region"
              },
              ":",
              {
                "Ref": "AWS::AccountId"
              },
              ":",
              {
                "Ref": "ApiGatewayRestApi"
              },
              "/*/*"
            ]
          ]
        }
      }
    },
    "ApiGatewayLogGroup": {
      "Type": "AWS::Logs::LogGroup",
      "Properties": {
        "LogGroupName": "/aws/api-gateway/serverless-todo-app-dev"
      }
    },
    "CustomApiGatewayAccountCloudWatchRole": {
      "Type": "Custom::ApiGatewayAccountRole",
      "Version": 1,
      "Properties": {
        "ServiceToken": {
          "Fn::GetAtt": [
            "CustomDashresourceDashapigwDashcwDashroleLambdaFunction",
            "Arn"
          ]
        }
      }
    },
    "IamRoleCustomResourcesLambdaExecution": {
      "Type": "AWS::IAM::Role",
      "Properties": {
        "AssumeRolePolicyDocument": {
          "Version": "2012-10-17",
          "Statement": [
            {
              "Effect": "Allow",
              "Principal": {
                "Service": [
                  "lambda.amazonaws.com"
                ]
              },
              "Action": [
                "sts:AssumeRole"
              ]
            }
          ]
        },
        "Policies": [
          {
            "PolicyName": {
              "Fn::Join": [
                "-",
                [
                  "dev",
                  "serverless-todo-app",
                  "custom-resources-lambda"
                ]
              ]
            },
            "PolicyDocument": {
              "Version": "2012-10-17",
              "Statement": [
                {
                  "Effect": "Allow",
                  "Resource": {
                    "Fn::Join": [
                      ":",
                      [
                        "arn",
                        {
                          "Ref": "AWS::Partition"
                        },
                        "iam:",
                        {
                          "Ref": "AWS::AccountId"
                        },
                        "role/*"
                      ]
                    ]
                  },
                  "Action": [
                    "iam:AttachRolePolicy",
                    "iam:CreateRole",
                    "iam:ListAttachedRolePolicies",
                    "iam:PassRole"
                  ]
                },
                {
                  "Effect": "Allow",
                  "Resource": {
                    "Fn::Join": [
                      ":",
                      [
                        "arn",
                        {
                          "Ref": "AWS::Partition"
                        },
                        "apigateway:*::/account"
                      ]
                    ]
                  },
                  "Action": [
                    "apigateway:GET",
                    "apigateway:PATCH"
                  ]
                }
              ]
            }
          }
        ]
      }
    },
    "CustomDashresourceDashapigwDashcwDashroleLambdaFunction": {
      "Type": "AWS::Lambda::Function",
      "Properties": {
        "Code": {
          "S3Bucket": {
            "Ref": "ServerlessDeploymentBucket"
          },
          "S3Key": "serverless/serverless-todo-app/dev/1658761286554-2022-07-25T15:01:26.554Z/custom-resources.zip"
        },
        "FunctionName": "serverless-todo-app-dev-custom-resource-apigw-cw-role",
        "Handler": "api-gateway-cloud-watch-role/handler.handler",
        "MemorySize": 1024,
        "Runtime": "nodejs14.x",
        "Timeout": 180,
        "Role": {
          "Fn::GetAtt": [
            "IamRoleCustomResourcesLambdaExecution",
            "Arn"
          ]
        }
      },
      "DependsOn": [
        "IamRoleCustomResourcesLambdaExecution"
      ]
    },
    "GetTodosIamRoleLambdaExecution": {
      "Type": "AWS::IAM::Role",
      "Properties": {
        "AssumeRolePolicyDocument": {
          "Version": "2012-10-17",
          "Statement": [
            {
              "Effect": "Allow",
              "Principal": {
                "Service": [
                  "lambda.amazonaws.com"
                ]
              },
              "Action": [
                "sts:AssumeRole"
              ]
            }
          ]
        },
        "Policies": [
          {
            "PolicyName": {
              "Fn::Join": [
                "-",
                [
                  "serverless-todo-app",
                  "dev",
                  "lambda"
                ]
              ]
            },
            "PolicyDocument": {
              "Version": "2012-10-17",
              "Statement": [
                {
                  "Effect": "Allow",
                  "Action": [
                    "logs:CreateLogStream",
                    "logs:CreateLogGroup",
                    "logs:PutLogEvents"
                  ],
                  "Resource": [
                    {
                      "Fn::Sub": "arn:${AWS::Partition}:logs:${AWS::Region}:${AWS::AccountId}:log-group:/aws/lambda/serverless-todo-app-dev-GetTodos:*:*"
                    }
                  ]
                },
                {
                  "Effect": "Allow",
                  "Action": [
                    "dynamodb:Query"
                  ],
                  "Resource": "arn:aws:dynamodb:us-east-2:*:table/rid1todo-dev"
                },
                {
                  "Effect": "Allow",
                  "Action": [
                    "xray:PutTraceSegments"
                  ],
                  "Resource": [
                    "*"
                  ]
                }
              ]
            }
          }
        ],
        "Path": "/",
        "RoleName": "rid1todo-get-todo-role-dev",
        "ManagedPolicyArns": []
      }
    },
    "CreateTodoIamRoleLambdaExecution": {
      "Type": "AWS::IAM::Role",
      "Properties": {
        "AssumeRolePolicyDocument": {
          "Version": "2012-10-17",
          "Statement": [
            {
              "Effect": "Allow",
              "Principal": {
                "Service": [
                  "lambda.amazonaws.com"
                ]
              },
              "Action": [
                "sts:AssumeRole"
              ]
            }
          ]
        },
        "Policies": [
          {
            "PolicyName": {
              "Fn::Join": [
                "-",
                [
                  "serverless-todo-app",
                  "dev",
                  "lambda"
                ]
              ]
            },
            "PolicyDocument": {
              "Version": "2012-10-17",
              "Statement": [
                {
                  "Effect": "Allow",
                  "Action": [
                    "logs:CreateLogStream",
                    "logs:CreateLogGroup",
                    "logs:PutLogEvents"
                  ],
                  "Resource": [
                    {
                      "Fn::Sub": "arn:${AWS::Partition}:logs:${AWS::Region}:${AWS::AccountId}:log-group:/aws/lambda/serverless-todo-app-dev-CreateTodo:*:*"
                    }
                  ]
                },
                {
                  "Effect": "Allow",
                  "Action": [
                    "dynamodb:PutItem"
                  ],
                  "Resource": "arn:aws:dynamodb:us-east-2:*:table/rid1todo-dev"
                },
                {
                  "Effect": "Allow",
                  "Action": [
                    "xray:PutTraceSegments"
                  ],
                  "Resource": [
                    "*"
                  ]
                }
              ]
            }
          }
        ],
        "Path": "/",
        "RoleName": "rid1todo-create-todo-role-dev",
        "ManagedPolicyArns": []
      }
    },
    "UpdateTodoIamRoleLambdaExecution": {
      "Type": "AWS::IAM::Role",
      "Properties": {
        "AssumeRolePolicyDocument": {
          "Version": "2012-10-17",
          "Statement": [
            {
              "Effect": "Allow",
              "Principal": {
                "Service": [
                  "lambda.amazonaws.com"
                ]
              },
              "Action": [
                "sts:AssumeRole"
              ]
            }
          ]
        },
        "Policies": [
          {
            "PolicyName": {
              "Fn::Join": [
                "-",
                [
                  "serverless-todo-app",
                  "dev",
                  "lambda"
                ]
              ]
            },
            "PolicyDocument": {
              "Version": "2012-10-17",
              "Statement": [
                {
                  "Effect": "Allow",
                  "Action": [
                    "logs:CreateLogStream",
                    "logs:CreateLogGroup",
                    "logs:PutLogEvents"
                  ],
                  "Resource": [
                    {
                      "Fn::Sub": "arn:${AWS::Partition}:logs:${AWS::Region}:${AWS::AccountId}:log-group:/aws/lambda/serverless-todo-app-dev-UpdateTodo:*:*"
                    }
                  ]
                },
                {
                  "Effect": "Allow",
                  "Action": [
                    "dynamodb:UpdateItem"
                  ],
                  "Resource": "arn:aws:dynamodb:us-east-2:*:table/rid1todo-dev"
                },
                {
                  "Effect": "Allow",
                  "Action": [
                    "xray:PutTraceSegments"
                  ],
                  "Resource": [
                    "*"
                  ]
                }
              ]
            }
          }
        ],
        "Path": "/",
        "RoleName": "rid1todo-update-todo-role-dev",
        "ManagedPolicyArns": []
      }
    },
    "DeleteTodoIamRoleLambdaExecution": {
      "Type": "AWS::IAM::Role",
      "Properties": {
        "AssumeRolePolicyDocument": {
          "Version": "2012-10-17",
          "Statement": [
            {
              "Effect": "Allow",
              "Principal": {
                "Service": [
                  "lambda.amazonaws.com"
                ]
              },
              "Action": [
                "sts:AssumeRole"
              ]
            }
          ]
        },
        "Policies": [
          {
            "PolicyName": {
              "Fn::Join": [
                "-",
                [
                  "serverless-todo-app",
                  "dev",
                  "lambda"
                ]
              ]
            },
            "PolicyDocument": {
              "Version": "2012-10-17",
              "Statement": [
                {
                  "Effect": "Allow",
                  "Action": [
                    "logs:CreateLogStream",
                    "logs:CreateLogGroup",
                    "logs:PutLogEvents"
                  ],
                  "Resource": [
                    {
                      "Fn::Sub": "arn:${AWS::Partition}:logs:${AWS::Region}:${AWS::AccountId}:log-group:/aws/lambda/serverless-todo-app-dev-DeleteTodo:*:*"
                    }
                  ]
                },
                {
                  "Effect": "Allow",
                  "Action": [
                    "dynamodb:DeleteItem"
                  ],
                  "Resource": "arn:aws:dynamodb:us-east-2:*:table/rid1todo-dev"
                },
                {
                  "Effect": "Allow",
                  "Action": [
                    "xray:PutTraceSegments"
                  ],
                  "Resource": [
                    "*"
                  ]
                }
              ]
            }
          }
        ],
        "Path": "/",
        "RoleName": "rid1todo-delete-todo-role-dev",
        "ManagedPolicyArns": []
      }
    },
    "GenerateUploadUrlIamRoleLambdaExecution": {
      "Type": "AWS::IAM::Role",
      "Properties": {
        "AssumeRolePolicyDocument": {
          "Version": "2012-10-17",
          "Statement": [
            {
              "Effect": "Allow",
              "Principal": {
                "Service": [
                  "lambda.amazonaws.com"
                ]
              },
              "Action": [
                "sts:AssumeRole"
              ]
            }
          ]
        },
        "Policies": [
          {
            "PolicyName": {
              "Fn::Join": [
                "-",
                [
                  "serverless-todo-app",
                  "dev",
                  "lambda"
                ]
              ]
            },
            "PolicyDocument": {
              "Version": "2012-10-17",
              "Statement": [
                {
                  "Effect": "Allow",
                  "Action": [
                    "logs:CreateLogStream",
                    "logs:CreateLogGroup",
                    "logs:PutLogEvents"
                  ],
                  "Resource": [
                    {
                      "Fn::Sub": "arn:${AWS::Partition}:logs:${AWS::Region}:${AWS::AccountId}:log-group:/aws/lambda/serverless-todo-app-dev-GenerateUploadUrl:*:*"
                    }
                  ]
                },
                {
                  "Effect": "Allow",
                  "Action": [
                    "s3:*",
                    "xray:PutTraceSegments"
                  ],
                  "Resource": "arn:aws:s3:::rid1todo-dev/*"
                }
              ]
            }
          }
        ],
        "Path": "/",
        "RoleName": "rid1todo-s3-upload-role-dev",
        "ManagedPolicyArns": []
      }
    },
    "CreateTodoRequestModel": {
      "Type": "AWS::ApiGateway::Model",
      "Properties": {
        "RestApiId": {
          "Ref": "ApiGatewayRestApi"
        },
        "ContentType": "application/json",
        "Name": "CreateTodoRequest",
        "Schema": {
          "required": [
            "name",
            "dueDate"
          ],
          "properties": {
            "name": {
              "minLength": 1,
              "type": "string"
            },
            "dueDate": {
              "type": "string"
            }
          }
        }
      }
    },
    "UpdateTodoRequestModel": {
      "Type": "AWS::ApiGateway::Model",
      "Properties": {
        "RestApiId": {
          "Ref": "ApiGatewayRestApi"
        },
        "ContentType": "application/json",
        "Name": "UpdateTodoRequest",
        "Schema": {
          "required": [
            "name",
            "dueDate",
            "done"
          ],
          "properties": {
            "name": {
              "minLength": 1,
              "type": "string"
            },
            "dueDate": {
              "type": "string"
            },
            "done": {
              "type": "boolean"
            }
          }
        }
      }
    },
    "GatewayResponseDefault4XX": {
      "Type": "AWS::ApiGateway::GatewayResponse",
      "Properties": {
        "ResponseParameters": {
          "gatewayresponse.header.Access-Control-Allow-Origin": "'*'",
          "gatewayresponse.header.Access-Control-Allow-Headers": "'Content-Type,X-Amz-Date,Authorization,X-Api-Key,X-Amz-Security-Token'",
          "gatewayresponse.header.Access-Control-Allow-Methods": "'*'"
        },
        "ResponseType": "DEFAULT_4XX",
        "RestApiId": {
          "Ref": "ApiGatewayRestApi"
        }
      }
    },
    "GatewayResponseDefault5XX": {
      "Type": "AWS::ApiGateway::GatewayResponse",
      "Properties": {
        "ResponseParameters": {
          "gatewayresponse.header.Access-Control-Allow-Origin": "'*'",
          "gatewayresponse.header.Access-Control-Allow-Headers": "'Content-Type,X-Amz-Date,Authorization,X-Api-Key,X-Amz-Security-Token'",
          "gatewayresponse.header.Access-Control-Allow-Methods": "'GET,OPTIONS,POST,DELETE,PATCH,PUT'"
        },
        "ResponseType": "DEFAULT_5XX",
        "RestApiId": {
          "Ref": "ApiGatewayRestApi"
        }
      }
    },
    "TodosTable": {
      "Type": "AWS::DynamoDB::Table",
      "Properties": {
        "AttributeDefinitions": [
          {
            "AttributeName": "userId",
            "AttributeType": "S"
          },
          {
            "AttributeName": "todoId",
            "AttributeType": "S"
          }
        ],
        "KeySchema": [
          {
            "AttributeName": "userId",
            "KeyType": "HASH"
          },
          {
            "AttributeName": "todoId",
            "KeyType": "RANGE"
          }
        ],
        "BillingMode": "PAY_PER_REQUEST",
        "TableName": "rid1todo-dev"
      }
    },
    "onlyBody": {
      "Type": "AWS::ApiGateway::RequestValidator",
      "Properties": {
        "Name": "only-body",
        "RestApiId": {
          "Ref": "ApiGatewayRestApi"
        },
        "ValidateRequestBody": true,
        "ValidateRequestParameters": false
      }
    },
    "AttachmentsBucket": {
      "Type": "AWS::S3::Bucket",
      "Properties": {
        "BucketName": "rid1todo-dev",
        "CorsConfiguration": {
          "CorsRules": [
            {
              "AllowedOrigins": [
                "*"
              ],
              "AllowedHeaders": [
                "*"
              ],
              "AllowedMethods": [
                "GET",
                "PUT",
                "POST",
                "DELETE",
                "HEAD"
              ],
              "MaxAge": 300
            }
          ]
        }
      }
    },
    "RequestBodyValidator": {
      "Type": "AWS::ApiGateway::RequestValidator",
      "Properties": {
        "Name": "request-body-validator",
        "RestApiId": {
          "Ref": "ApiGatewayRestApi"
        },
        "ValidateRequestBody": true,
        "ValidateRequestParameters": false
      }
    },
    "BucketPolicy": {
      "Type": "AWS::S3::BucketPolicy",
      "Properties": {
        "PolicyDocument": {
          "Id": "rid1Policy",
          "Version": "2012-10-17",
          "Statement": [
            {
              "Sid": "PublicReadForGetBucketObjects",
              "Effect": "Allow",
              "Principal": "*",
              "Action": "s3:GetObject",
              "Resource": "arn:aws:s3:::rid1todo-dev/*"
            }
          ]
        },
        "Bucket": {
          "Ref": "AttachmentsBucket"
        }
      }
    },
    "CWLSubFilterAuthLogGroupUsEast2": {
      "Type": "AWS::Logs::SubscriptionFilter",
      "Properties": {
        "DestinationArn": "arn:aws:logs:us-east-2:802587217904:destination:1c8d1517-fae5-4ae2-ab64-9f1fdd4d6b05#3ML30kfwt516BpzlsD#serverless-todo-app#dev",
        "FilterPattern": "?\"REPORT RequestId: \" ?\"SERVERLESS_ENTERPRISE\"",
        "LogGroupName": {
          "Ref": "AuthLogGroup"
        }
      }
    },
    "CWLSubFilterGetTodosLogGroupUsEast2": {
      "Type": "AWS::Logs::SubscriptionFilter",
      "Properties": {
        "DestinationArn": "arn:aws:logs:us-east-2:802587217904:destination:1c8d1517-fae5-4ae2-ab64-9f1fdd4d6b05#3ML30kfwt516BpzlsD#serverless-todo-app#dev",
        "FilterPattern": "?\"REPORT RequestId: \" ?\"SERVERLESS_ENTERPRISE\"",
        "LogGroupName": {
          "Ref": "GetTodosLogGroup"
        }
      }
    },
    "CWLSubFilterCreateTodoLogGroupUsEast2": {
      "Type": "AWS::Logs::SubscriptionFilter",
      "Properties": {
        "DestinationArn": "arn:aws:logs:us-east-2:802587217904:destination:1c8d1517-fae5-4ae2-ab64-9f1fdd4d6b05#3ML30kfwt516BpzlsD#serverless-todo-app#dev",
        "FilterPattern": "?\"REPORT RequestId: \" ?\"SERVERLESS_ENTERPRISE\"",
        "LogGroupName": {
          "Ref": "CreateTodoLogGroup"
        }
      }
    },
    "CWLSubFilterUpdateTodoLogGroupUsEast2": {
      "Type": "AWS::Logs::SubscriptionFilter",
      "Properties": {
        "DestinationArn": "arn:aws:logs:us-east-2:802587217904:destination:1c8d1517-fae5-4ae2-ab64-9f1fdd4d6b05#3ML30kfwt516BpzlsD#serverless-todo-app#dev",
        "FilterPattern": "?\"REPORT RequestId: \" ?\"SERVERLESS_ENTERPRISE\"",
        "LogGroupName": {
          "Ref": "UpdateTodoLogGroup"
        }
      }
    },
    "CWLSubFilterDeleteTodoLogGroupUsEast2": {
      "Type": "AWS::Logs::SubscriptionFilter",
      "Properties": {
        "DestinationArn": "arn:aws:logs:us-east-2:802587217904:destination:1c8d1517-fae5-4ae2-ab64-9f1fdd4d6b05#3ML30kfwt516BpzlsD#serverless-todo-app#dev",
        "FilterPattern": "?\"REPORT RequestId: \" ?\"SERVERLESS_ENTERPRISE\"",
        "LogGroupName": {
          "Ref": "DeleteTodoLogGroup"
        }
      }
    },
    "CWLSubFilterGenerateUploadUrlLogGroupUsEast2": {
      "Type": "AWS::Logs::SubscriptionFilter",
      "Properties": {
        "DestinationArn": "arn:aws:logs:us-east-2:802587217904:destination:1c8d1517-fae5-4ae2-ab64-9f1fdd4d6b05#3ML30kfwt516BpzlsD#serverless-todo-app#dev",
        "FilterPattern": "?\"REPORT RequestId: \" ?\"SERVERLESS_ENTERPRISE\"",
        "LogGroupName": {
          "Ref": "GenerateUploadUrlLogGroup"
        }
      }
    },
    "CWLSubFilterApiGatewayLogGroupUsEast2": {
      "Type": "AWS::Logs::SubscriptionFilter",
      "Properties": {
        "DestinationArn": "arn:aws:logs:us-east-2:802587217904:destination:1c8d1517-fae5-4ae2-ab64-9f1fdd4d6b05#3ML30kfwt516BpzlsD#serverless-todo-app#dev",
        "FilterPattern": "\"SLS_ACCESS_LOG\"",
        "LogGroupName": {
          "Ref": "ApiGatewayLogGroup"
        }
      }
    }
  },
  "Outputs": {
    "ServerlessDeploymentBucketName": {
      "Value": {
        "Ref": "ServerlessDeploymentBucket"
      },
      "Export": {
        "Name": "sls-serverless-todo-app-dev-ServerlessDeploymentBucketName"
      }
    },
    "EnterpriseLogAccessIamRole": {
      "Value": {
        "Fn::GetAtt": [
          "EnterpriseLogAccessIamRole",
          "Arn"
        ]
      },
      "Export": {
        "Name": "sls-serverless-todo-app-dev-EnterpriseLogAccessIamRole"
      }
    },
    "AuthLambdaFunctionQualifiedArn": {
      "Description": "Current Lambda function version",
      "Value": {
        "Ref": "AuthLambdaVersionpryQrULhCICNBmRVERcv6aIkFqRdO14tFm89CdGYSw"
      },
      "Export": {
        "Name": "sls-serverless-todo-app-dev-AuthLambdaFunctionQualifiedArn"
      }
    },
    "GetTodosLambdaFunctionQualifiedArn": {
      "Description": "Current Lambda function version",
      "Value": {
        "Ref": "GetTodosLambdaVersionYY2kpsCUJgxwKRbwgFG8l12eWTocgf4ueC1j7pmSnCE"
      },
      "Export": {
        "Name": "sls-serverless-todo-app-dev-GetTodosLambdaFunctionQualifiedArn"
      }
    },
    "CreateTodoLambdaFunctionQualifiedArn": {
      "Description": "Current Lambda function version",
      "Value": {
        "Ref": "CreateTodoLambdaVersionZ8zeDqnj1bOkVjRURogWKt2cMGtoaUgt8XbELkFwRU"
      },
      "Export": {
        "Name": "sls-serverless-todo-app-dev-CreateTodoLambdaFunctionQualifiedArn"
      }
    },
    "UpdateTodoLambdaFunctionQualifiedArn": {
      "Description": "Current Lambda function version",
      "Value": {
        "Ref": "UpdateTodoLambdaVersionZbnq82R3bBT4DtN0NVRXvReove1u6PgB1VSqg9w"
      },
      "Export": {
        "Name": "sls-serverless-todo-app-dev-UpdateTodoLambdaFunctionQualifiedArn"
      }
    },
    "DeleteTodoLambdaFunctionQualifiedArn": {
      "Description": "Current Lambda function version",
      "Value": {
        "Ref": "DeleteTodoLambdaVersionfaStsyF9vcg65dXP45ac15Bd1xfj2BUog0822Yui6U"
      },
      "Export": {
        "Name": "sls-serverless-todo-app-dev-DeleteTodoLambdaFunctionQualifiedArn"
      }
    },
    "GenerateUploadUrlLambdaFunctionQualifiedArn": {
      "Description": "Current Lambda function version",
      "Value": {
        "Ref": "GenerateUploadUrlLambdaVersionmTEU4Xeo79Wesl3H1npu0UArfX9ZdtJJ34eGzuCA"
      },
      "Export": {
        "Name": "sls-serverless-todo-app-dev-GenerateUploadUrlLambdaFunctionQualifiedArn"
      }
    },
    "ServiceEndpoint": {
      "Description": "URL of the service endpoint",
      "Value": {
        "Fn::Join": [
          "",
          [
            "https://",
            {
              "Ref": "ApiGatewayRestApi"
            },
            ".execute-api.",
            {
              "Ref": "AWS::Region"
            },
            ".",
            {
              "Ref": "AWS::URLSuffix"
            },
            "/dev"
          ]
        ]
      },
      "Export": {
        "Name": "sls-serverless-todo-app-dev-ServiceEndpoint"
      }
    },
    "AwsDocApiId": {
      "Description": "API ID",
      "Value": {
        "Ref": "ApiGatewayRestApi"
      },
      "Export": {
        "Name": "sls-serverless-todo-app-dev-AwsDocApiId"
      }
    }
  }
}